[
    {
        "annotations": [
            {
                "class": "pigLying",
                "height": 82.00000000000003,
                "width": 156.0,
                "x": 793.0000000000002,
                "y": 173.00000000000003
            },
            {
                "class": "pigLying",
                "height": 100.00000000000003,
                "width": 103.0,
                "x": 888.0000000000002,
                "y": 162.00000000000003
            },
            {
                "class": "pigLying",
                "height": 37.00000000000002,
                "width": 78.0,
                "x": 336.00000000000017,
                "y": 5.000000000000002
            },
            {
                "class": "pigNotLying",
                "height": 67.00000000000003,
                "width": 111.0,
                "x": 466.0000000000002,
                "y": 9.000000000000004
            },
            {
                "class": "pigNotLying",
                "height": 20.00000000000001,
                "width": 76.0,
                "x": 490.0000000000002,
                "y": 1.0000000000000004
            },
            {
                "class": "pigNotLying",
                "height": 29.000000000000014,
                "width": 71.0,
                "x": 664.0000000000003,
                "y": 2.000000000000001
            },
            {
                "class": "pigLying",
                "height": 16.000000000000007,
                "width": 38.0,
                "x": 821.0000000000003,
                "y": -2.000000000000001
            }
        ],
        "class": "image",
        "filename": "0_N_D6-Vorne20180605-085637-1528181797_53045s.jpg"
    },
    {
        "annotations": [
            {
                "class": "pigNotLying",
                "height": 204.64291681916427,
                "width": 118.74342087037925,
                "x": 233.27608213542592,
                "y": 378.9683644799338
            },
            {
                "class": "pigNotLying",
                "height": 106.95329397544802,
                "width": 126.3227881599779,
                "x": 229.06532253009334,
                "y": 167.5882322922374
            },
            {
                "class": "pigNotLying",
                "height": 173.48329573970307,
                "width": 48.00265950079161,
                "x": 112.84835742291362,
                "y": 282.9630454783506
            },
            {
                "class": "pigNotLying",
                "height": 90.11025555411759,
                "width": 66.53000176425508,
                "x": 365.4939337428695,
                "y": 95.16316708051671
            },
            {
                "class": "pigLying",
                "height": 32.00177300052775,
                "width": 54.739874869323785,
                "x": 367.17823758500253,
                "y": 74.10936905385373
            },
            {
                "class": "pigNotLying",
                "height": 158.32456116050568,
                "width": 121.26987663357875,
                "x": 640.8776119316215,
                "y": 220.64380331942814
            },
            {
                "class": "pigNotLying",
                "height": 126.32278815997795,
                "width": 65.68784984318847,
                "x": 708.249765616943,
                "y": 63.161394079988966
            },
            {
                "class": "pigNotLying",
                "height": 66.53000176425505,
                "width": 112.00620550184715,
                "x": 643.4040676948209,
                "y": 47.1605075797251
            },
            {
                "class": "pigNotLying",
                "height": 42.107596053325985,
                "width": 85.0573440277185,
                "x": 497.7117853503131,
                "y": 2.526455763199559
            },
            {
                "class": "pigNotLying",
                "height": 42.9497479743925,
                "width": 85.0573440277185,
                "x": 443.8140624020558,
                "y": 1.6843038421330392
            },
            {
                "class": "pigNotLying",
                "height": 112.84835742291364,
                "width": 162.53532076583826,
                "x": 925.5249612521051,
                "y": 336.8607684266078
            },
            {
                "class": "pigLying",
                "height": 38.73898836905988,
                "width": 116.2169651071797,
                "x": 777.3062231443976,
                "y": 138.11291505490922
            },
            {
                "class": "pigLying",
                "height": 31.159621079461232,
                "width": 103.58468629118192,
                "x": 903.6290113043755,
                "y": 153.27164963410655
            },
            {
                "class": "pigLying",
                "height": 31.159621079461232,
                "width": 128.00709200211088,
                "x": 919.6298978046394,
                "y": 182.74696687143475
            },
            {
                "class": "pigLying",
                "height": 43.79189989545901,
                "width": 122.11202855464524,
                "x": 938.9993919891693,
                "y": 204.64291681916427
            },
            {
                "class": "pigLying",
                "height": 79.16228058025283,
                "width": 128.007092002111,
                "x": 768.8847039337323,
                "y": 173.48329573970304
            },
            {
                "class": "pigLying",
                "height": 57.26633063252331,
                "width": 147.3765861866409,
                "x": 784.8855904339963,
                "y": 229.06532253009334
            },
            {
                "class": "pigLying",
                "height": 94.32101515945021,
                "width": 83.37304018558541,
                "x": 1011.4244572008901,
                "y": 267.8043108991532
            },
            {
                "class": "pigLying",
                "height": 72.42506521172069,
                "width": 38.73898836905994,
                "x": 1023.2145840958214,
                "y": 245.06620903035721
            },
            {
                "class": "pigLying",
                "height": 92.63671131731715,
                "width": 40.423292211192916,
                "x": 987.8442034110275,
                "y": 239.17114558289157
            },
            {
                "class": "pigLying",
                "height": 101.05823052798235,
                "width": 94.32101515945021,
                "x": 901.102555541176,
                "y": 243.38190518822415
            }
        ],
        "class": "image",
        "filename": "0_N_D6-Vorne20180615-080054-1529042454_89344s.jpg"
    },
    {
        "annotations": [
            {
                "class": "pigLying",
                "height": 63.000000000000085,
                "width": 150.00000000000023,
                "x": 821.0000000000007,
                "y": 229.0000000000002
            },
            {
                "class": "pigLying",
                "height": 63.00000000000006,
                "width": 152.0000000000001,
                "x": 801.0000000000007,
                "y": 173.00000000000014
            },
            {
                "class": "pigLying",
                "height": 96.00000000000009,
                "width": 148.0000000000001,
                "x": 808.0000000000007,
                "y": 133.0000000000001
            },
            {
                "class": "pigLying",
                "height": 96.00000000000009,
                "width": 86.00000000000011,
                "x": 917.0000000000008,
                "y": 154.00000000000014
            },
            {
                "class": "pigLying",
                "height": 107.00000000000011,
                "width": 113.00000000000011,
                "x": 918.0000000000008,
                "y": 137.0000000000001
            },
            {
                "class": "pigLying",
                "height": 72.00000000000006,
                "width": 93.00000000000011,
                "x": 922.0000000000008,
                "y": 92.00000000000009
            },
            {
                "class": "pigLying",
                "height": 39.00000000000003,
                "width": 41.000000000000114,
                "x": 932.0000000000008,
                "y": 46.00000000000004
            },
            {
                "class": "pigLying",
                "height": 36.00000000000003,
                "width": 52.000000000000114,
                "x": 940.0000000000008,
                "y": 76.00000000000007
            },
            {
                "class": "pigLying",
                "height": 45.00000000000004,
                "width": 102.0,
                "x": 833.0000000000008,
                "y": 107.0000000000001
            },
            {
                "class": "pigLying",
                "height": 38.297872340425556,
                "width": 45.39007092198585,
                "x": 257.4468085106385,
                "y": 92.90780141843979
            },
            {
                "class": "pigNotLying",
                "height": 53.00000000000005,
                "width": 76.00000000000011,
                "x": 660.0000000000006,
                "y": 0.0
            },
            {
                "class": "pigNotLying",
                "height": 50.00000000000004,
                "width": 91.0,
                "x": 484.00000000000045,
                "y": 1.0000000000000009
            },
            {
                "class": "pigNotLying",
                "height": 40.000000000000036,
                "width": 39.00000000000006,
                "x": 284.0000000000002,
                "y": 37.000000000000036
            }
        ],
        "class": "image",
        "filename": "1_N_D6-Vorne20180605-085637-1528181797_343340s.jpg"
    },
    {
        "annotations": [
            {
                "class": "pigLying",
                "height": 83.00000000000006,
                "width": 70.00000000000006,
                "x": 13.00000000000001,
                "y": 375.00000000000034
            },
            {
                "class": "pigLying",
                "height": 113.00000000000009,
                "width": 125.00000000000011,
                "x": 370.00000000000034,
                "y": 215.0000000000002
            },
            {
                "class": "pigNotLying",
                "height": 119.00000000000011,
                "width": 91.00000000000006,
                "x": 293.0000000000003,
                "y": 193.00000000000017
            },
            {
                "class": "pigNotLying",
                "height": 119.00000000000009,
                "width": 79.00000000000006,
                "x": 262.0000000000002,
                "y": 154.00000000000014
            },
            {
                "class": "pigNotLying",
                "height": 95.00000000000009,
                "width": 118.00000000000011,
                "x": 196.00000000000017,
                "y": 120.00000000000011
            },
            {
                "class": "pigNotLying",
                "height": 56.00000000000005,
                "width": 118.00000000000017,
                "x": 463.0000000000004,
                "y": 1.0000000000000009
            },
            {
                "class": "pigNotLying",
                "height": 71.00000000000006,
                "width": 111.00000000000011,
                "x": 342.0000000000003,
                "y": 14.000000000000012
            },
            {
                "class": "pigLying",
                "height": 42.00000000000003,
                "width": 92.00000000000006,
                "x": 375.00000000000034,
                "y": 74.00000000000007
            },
            {
                "class": "pigNotLying",
                "height": 100.00000000000009,
                "width": 108.00000000000011,
                "x": 387.00000000000034,
                "y": 92.00000000000009
            },
            {
                "class": "pigNotLying",
                "height": 87.00000000000009,
                "width": 123.00000000000011,
                "x": 651.0000000000006,
                "y": 38.000000000000036
            },
            {
                "class": "pigNotLying",
                "height": 102.00000000000009,
                "width": 132.0000000000001,
                "x": 637.0000000000006,
                "y": 93.00000000000009
            },
            {
                "class": "pigLying",
                "height": 81.00000000000006,
                "width": 117.00000000000011,
                "x": 719.0000000000007,
                "y": 123.00000000000011
            },
            {
                "class": "pigLying",
                "height": 41.00000000000004,
                "width": 73.00000000000011,
                "x": 917.0000000000008,
                "y": 105.0000000000001
            },
            {
                "class": "pigLying",
                "height": 38.00000000000003,
                "width": 76.00000000000011,
                "x": 911.0000000000008,
                "y": 126.00000000000011
            },
            {
                "class": "pigNotLying",
                "height": 177.0000000000001,
                "width": 143.0000000000001,
                "x": 660.0000000000006,
                "y": 296.0000000000003
            },
            {
                "class": "pigNotLying",
                "height": 155.00000000000014,
                "width": 88.00000000000011,
                "x": 651.0000000000006,
                "y": 209.0000000000002
            },
            {
                "class": "pigNotLying",
                "height": 160.00000000000017,
                "width": 177.00000000000023,
                "x": 795.0000000000007,
                "y": 272.0000000000002
            },
            {
                "class": "pigLying",
                "height": 82.00000000000006,
                "width": 142.0000000000001,
                "x": 725.0000000000007,
                "y": 200.00000000000017
            },
            {
                "class": "pigNotLying",
                "height": 144.0000000000001,
                "width": 153.0000000000001,
                "x": 915.0000000000008,
                "y": 198.00000000000017
            },
            {
                "class": "pigLying",
                "height": 62.00000000000006,
                "width": 127.00000000000011,
                "x": 894.0000000000008,
                "y": 162.00000000000014
            },
            {
                "class": "pigLying",
                "height": 107.00000000000011,
                "width": 149.0000000000001,
                "x": 858.0000000000008,
                "y": 184.00000000000017
            },
            {
                "class": "pigNotLying",
                "height": 23.00000000000002,
                "width": 72.00000000000011,
                "x": 668.0000000000006,
                "y": 2.0000000000000018
            }
        ],
        "class": "image",
        "filename": "1_N_D6-Vorne20180615-080054-1529042454_45302s.jpg"
    },
    {
        "annotations": [
            {
                "class": "pigNotLying",
                "height": 121.00000000000011,
                "width": 216.00000000000023,
                "x": 811.0000000000007,
                "y": 571.0000000000005
            },
            {
                "class": "pigNotLying",
                "height": 160.0000000000001,
                "width": 125.00000000000011,
                "x": 721.0000000000007,
                "y": 295.0000000000003
            },
            {
                "class": "pigNotLying",
                "height": 121.00000000000011,
                "width": 122.00000000000017,
                "x": 473.0000000000004,
                "y": 242.00000000000023
            },
            {
                "class": "pigNotLying",
                "height": 108.00000000000011,
                "width": 86.00000000000006,
                "x": 328.0000000000003,
                "y": 268.0000000000002
            },
            {
                "class": "pigLying",
                "height": 81.00000000000009,
                "width": 153.0000000000001,
                "x": 788.0000000000007,
                "y": 237.0000000000002
            },
            {
                "class": "pigLying",
                "height": 119.00000000000011,
                "width": 68.00000000000006,
                "x": 274.0000000000002,
                "y": 205.00000000000017
            },
            {
                "class": "pigLying",
                "height": 130.00000000000014,
                "width": 79.00000000000006,
                "x": 393.00000000000034,
                "y": 169.00000000000014
            },
            {
                "class": "pigLying",
                "height": 62.00000000000006,
                "width": 70.00000000000006,
                "x": 374.00000000000034,
                "y": 51.00000000000004
            },
            {
                "class": "pigLying",
                "height": 39.00000000000003,
                "width": 95.00000000000006,
                "x": 372.00000000000034,
                "y": 32.00000000000003
            },
            {
                "class": "pigNotLying",
                "height": 129.0000000000001,
                "width": 90.00000000000009,
                "x": 221.0000000000002,
                "y": 110.0000000000001
            },
            {
                "class": "pigLying",
                "height": 51.00000000000004,
                "width": 49.00000000000006,
                "x": 253.00000000000023,
                "y": 60.00000000000006
            },
            {
                "class": "pigNotLying",
                "height": 55.00000000000005,
                "width": 106.00000000000011,
                "x": 670.0000000000006,
                "y": 1.0000000000000009
            },
            {
                "class": "pigNotLying",
                "height": 77.00000000000007,
                "width": 130.0000000000001,
                "x": 641.0000000000006,
                "y": 110.0000000000001
            },
            {
                "class": "pigLying",
                "height": 39.00000000000003,
                "width": 67.0,
                "x": 962.0000000000009,
                "y": 131.0000000000001
            },
            {
                "class": "pigLying",
                "height": 93.00000000000009,
                "width": 80.0,
                "x": 983.0000000000009,
                "y": 161.00000000000014
            },
            {
                "class": "pigLying",
                "height": 92.00000000000009,
                "width": 97.00000000000011,
                "x": 922.0000000000008,
                "y": 133.0000000000001
            },
            {
                "class": "pigLying",
                "height": 88.00000000000006,
                "width": 122.00000000000011,
                "x": 899.0000000000008,
                "y": 151.00000000000014
            },
            {
                "class": "pigLying",
                "height": 75.00000000000006,
                "width": 92.00000000000011,
                "x": 931.0000000000008,
                "y": 205.00000000000017
            },
            {
                "class": "pigLying",
                "height": 43.00000000000006,
                "width": 36.0,
                "x": 901.0000000000008,
                "y": 168.00000000000014
            },
            {
                "class": "pigLying",
                "height": 74.00000000000009,
                "width": 131.0000000000001,
                "x": 799.0000000000007,
                "y": 169.00000000000014
            },
            {
                "class": "pigNotLying",
                "height": 111.00000000000009,
                "width": 114.00000000000011,
                "x": 893.0000000000008,
                "y": 225.0000000000002
            },
            {
                "class": "pigNotLying",
                "height": 92.00000000000007,
                "width": 48.0,
                "x": 486.00000000000045,
                "y": 12.00000000000001
            },
            {
                "class": "pigNotLying",
                "height": 39.000000000000036,
                "width": 90.00000000000011,
                "x": 491.00000000000045,
                "y": -1.0000000000000009
            }
        ],
        "class": "image",
        "filename": "2_N_D6-Vorne20180605-085637-1528181797_191635s.jpg"
    },
    {
        "annotations": [
            {
                "class": "pigNotLying",
                "height": 117.00000000000011,
                "width": 78.00000000000007,
                "x": 2.0000000000000018,
                "y": 416.00000000000034
            },
            {
                "class": "pigNotLying",
                "height": 126.00000000000011,
                "width": 216.00000000000023,
                "x": 659.0000000000006,
                "y": 323.0000000000003
            },
            {
                "class": "pigNotLying",
                "height": 140.0000000000001,
                "width": 184.00000000000017,
                "x": 427.0000000000004,
                "y": 332.0000000000003
            },
            {
                "class": "pigNotLying",
                "height": 53.00000000000005,
                "width": 101.00000000000011,
                "x": 485.00000000000045,
                "y": 0.0
            },
            {
                "class": "pigNotLying",
                "height": 133.0000000000001,
                "width": 152.0,
                "x": 1000.0000000000009,
                "y": 185.00000000000017
            },
            {
                "class": "pigLying",
                "height": 169.0000000000001,
                "width": 85.00000000000011,
                "x": 525.0000000000005,
                "y": 180.00000000000017
            },
            {
                "class": "pigLying",
                "height": 124.00000000000011,
                "width": 128.0000000000001,
                "x": 372.00000000000034,
                "y": 204.00000000000017
            },
            {
                "class": "pigLying",
                "height": 102.00000000000011,
                "width": 101.00000000000011,
                "x": 261.0000000000002,
                "y": 203.00000000000017
            },
            {
                "class": "pigLying",
                "height": 89.00000000000006,
                "width": 105.00000000000006,
                "x": 244.00000000000023,
                "y": 179.00000000000017
            },
            {
                "class": "pigNotLying",
                "height": 78.00000000000006,
                "width": 75.00000000000006,
                "x": 360.00000000000034,
                "y": 123.00000000000011
            },
            {
                "class": "pigNotLying",
                "height": 139.0000000000001,
                "width": 78.00000000000006,
                "x": 319.0000000000003,
                "y": 241.00000000000023
            },
            {
                "class": "pigNotLying",
                "height": 119.00000000000011,
                "width": 101.00000000000011,
                "x": 638.0000000000006,
                "y": 70.00000000000006
            },
            {
                "class": "pigNotLying",
                "height": 147.00000000000014,
                "width": 152.00000000000023,
                "x": 682.0000000000006,
                "y": 174.00000000000014
            },
            {
                "class": "pigLying",
                "height": 103.00000000000009,
                "width": 61.000000000000114,
                "x": 777.0000000000007,
                "y": 175.00000000000014
            },
            {
                "class": "pigLying",
                "height": 107.00000000000011,
                "width": 43.0,
                "x": 974.0000000000009,
                "y": 144.0000000000001
            },
            {
                "class": "pigLying",
                "height": 91.0000000000001,
                "width": 54.000000000000114,
                "x": 936.0000000000008,
                "y": 85.00000000000007
            },
            {
                "class": "pigLying",
                "height": 58.00000000000006,
                "width": 43.000000000000114,
                "x": 934.0000000000008,
                "y": 152.00000000000014
            },
            {
                "class": "pigLying",
                "height": 107.00000000000011,
                "width": 98.00000000000011,
                "x": 867.0000000000008,
                "y": 192.00000000000017
            },
            {
                "class": "pigLying",
                "height": 36.000000000000036,
                "width": 61.000000000000114,
                "x": 810.0000000000007,
                "y": 42.000000000000036
            },
            {
                "class": "pigLying",
                "height": 62.00000000000004,
                "width": 46.000000000000114,
                "x": 796.0000000000007,
                "y": 73.00000000000007
            },
            {
                "class": "pigLying",
                "height": 26.241134751773075,
                "width": 85.10638297872345,
                "x": 786.5248226950363,
                "y": 131.20567375886537
            },
            {
                "class": "pigLying",
                "height": 40.42553191489364,
                "width": 134.75177304964552,
                "x": 803.546099290781,
                "y": 156.73758865248243
            },
            {
                "class": "pigNotLying",
                "height": 25.264557631995594,
                "width": 80.84658442238589,
                "x": 369.7046933482022,
                "y": 0.8421519210665198
            },
            {
                "class": "pigLying",
                "height": 20.211646105596476,
                "width": 42.107596053326006,
                "x": 858.9949594878502,
                "y": -0.8421519210665198
            }
        ],
        "class": "image",
        "filename": "2_N_D6-Vorne20180615-080054-1529042454_233869s.jpg"
    },
    {
        "annotations": [
            {
                "class": "pigLying",
                "height": 63.16139407998895,
                "width": 144.00797850237484,
                "x": 822.7824268819899,
                "y": 229.0653225300934
            },
            {
                "class": "pigLying",
                "height": 65.68784984318856,
                "width": 144.85013042344144,
                "x": 800.0443250131938,
                "y": 172.64114381863655
            },
            {
                "class": "pigLying",
                "height": 68.21430560638811,
                "width": 72.42506521172072,
                "x": 897.7339478569102,
                "y": 167.58823229223745
            },
            {
                "class": "pigLying",
                "height": 64.84569792212201,
                "width": 54.739874869323785,
                "x": 903.6290113043758,
                "y": 146.53443426557445
            },
            {
                "class": "pigLying",
                "height": 95.16316708051673,
                "width": 88.42595171198457,
                "x": 925.5249612521053,
                "y": 150.74519387090706
            },
            {
                "class": "pigLying",
                "height": 78.32012865918632,
                "width": 93.47886323838372,
                "x": 919.6298978046397,
                "y": 117.90126894931278
            },
            {
                "class": "pigLying",
                "height": 72.42506521172069,
                "width": 90.11025555411754,
                "x": 949.1052150419679,
                "y": 106.95329397544802
            },
            {
                "class": "pigLying",
                "height": 45.47620373759207,
                "width": 59.79278639572283,
                "x": 955.8424304105,
                "y": 83.37304018558547
            },
            {
                "class": "pigNotLying",
                "height": 40.42329221119295,
                "width": 64.84569792212199,
                "x": 665.3000176425506,
                "y": -0.8421519210665198
            },
            {
                "class": "pigNotLying",
                "height": 53.05557102719075,
                "width": 106.1111420543815,
                "x": 470.7629238761846,
                "y": 0.0
            },
            {
                "class": "pigNotLying",
                "height": 138.95506697597577,
                "width": 73.26721713278721,
                "x": 410.12798555939514,
                "y": 245.06620903035727
            },
            {
                "class": "pigNotLying",
                "height": 114.53266126504667,
                "width": 98.53177476478277,
                "x": 309.0697550314128,
                "y": 212.222284108763
            },
            {
                "class": "pigNotLying",
                "height": 43.206828604589816,
                "width": 40.241654092510146,
                "x": 289.7399094660729,
                "y": 34.73490142721927
            }
        ],
        "class": "image",
        "filename": "3_N_D6-Vorne20180605-085637-1528181797_250196s.jpg"
    },
    {
        "annotations": [
            {
                "class": "pigLying",
                "height": 53.89772294825727,
                "width": 36.21253260586036,
                "x": 249.27696863568985,
                "y": 106.1111420543815
            },
            {
                "class": "pigLying",
                "height": 138.11291505490925,
                "width": 60.63493831678946,
                "x": 250.11912055675637,
                "y": 166.74608037117093
            },
            {
                "class": "pigLying",
                "height": 70.74076136958766,
                "width": 103.58468629118198,
                "x": 299.806083899681,
                "y": 144.0079785023749
            },
            {
                "class": "pigLying",
                "height": 136.42861121277622,
                "width": 71.582913290654,
                "x": 1132.6943338344693,
                "y": 244.22405710929075
            },
            {
                "class": "pigLying",
                "height": 104.42683821224847,
                "width": 60.63493831678943,
                "x": 1198.3821836776576,
                "y": 320.85988192634403
            },
            {
                "class": "pigNotLying",
                "height": 27.791013395195158,
                "width": 96.00531900158325,
                "x": 464.0257085076525,
                "y": 0.0
            },
            {
                "class": "pigNotLying",
                "height": 19.36949418452996,
                "width": 45.47620373759207,
                "x": 686.3538156692138,
                "y": 1.6843038421330399
            },
            {
                "class": "pigNotLying",
                "height": 80.00443250131943,
                "width": 147.37658618664096,
                "x": 304.85899542608024,
                "y": 181.06266302930177
            },
            {
                "class": "pigNotLying",
                "height": 157.48240923943922,
                "width": 92.63671131731718,
                "x": 323.38633768954367,
                "y": 260.22494360955466
            },
            {
                "class": "pigNotLying",
                "height": 108.63759781758108,
                "width": 197.06354952956565,
                "x": 408.44368171726217,
                "y": 290.5424127679494
            },
            {
                "class": "pigNotLying",
                "height": 111.16405358078066,
                "width": 165.0617765290379,
                "x": 446.34051816525556,
                "y": 202.9586129770313
            },
            {
                "class": "pigNotLying",
                "height": 93.47886323838372,
                "width": 131.37569968637717,
                "x": 436.2346951124573,
                "y": 170.95683997650355
            },
            {
                "class": "pigLying",
                "height": 53.05557102719075,
                "width": 85.0573440277185,
                "x": 372.2311491114018,
                "y": 271.1729185834194
            },
            {
                "class": "pigNotLying",
                "height": 126.32278815997796,
                "width": 165.90392845010444,
                "x": 763.8317924073335,
                "y": 266.1200070570203
            },
            {
                "class": "pigNotLying",
                "height": 160.00886500263877,
                "width": 48.00265950079165,
                "x": 714.1448290644089,
                "y": 211.3801321876965
            },
            {
                "class": "pigNotLying",
                "height": 192.85278992423306,
                "width": 55.58202679039039,
                "x": 661.0892580372181,
                "y": 211.3801321876965
            },
            {
                "class": "pigLying",
                "height": 85.05734402771853,
                "width": 54.739874869323785,
                "x": 783.2012865918635,
                "y": 191.16848608210003
            },
            {
                "class": "pigNotLying",
                "height": 75.79367289598676,
                "width": 94.32101515945033,
                "x": 845.520528750786,
                "y": 206.3272206612974
            },
            {
                "class": "pigLying",
                "height": 98.53177476478284,
                "width": 80.00443250131934,
                "x": 650.1412830633534,
                "y": 107.79544589651455
            },
            {
                "class": "pigLying",
                "height": 96.00531900158327,
                "width": 79.16228058025285,
                "x": 928.051417015305,
                "y": 147.376586186641
            },
            {
                "class": "pigNotLying",
                "height": 135.5864592917097,
                "width": 65.68784984318847,
                "x": 713.3026771433424,
                "y": 65.68784984318856
            },
            {
                "class": "pigNotLying",
                "height": 114.53266126504673,
                "width": 69.89860944852126,
                "x": 778.9905269865309,
                "y": 53.897722948257275
            },
            {
                "class": "pigNotLying",
                "height": 84.21519210665198,
                "width": 60.63493831678943,
                "x": 800.8864769342605,
                "y": 52.213419106124235
            },
            {
                "class": "pigLying",
                "height": 54.739874869323785,
                "width": 124.63848431784493,
                "x": 789.0963500393292,
                "y": 161.69316884477183
            },
            {
                "class": "pigNotLying",
                "height": 96.00531900158329,
                "width": 38.73898836905994,
                "x": 904.4711632254424,
                "y": 101.9003824490489
            }
        ],
        "class": "image",
        "filename": "3_N_D6-Vorne20180615-080054-1529042454_172036s.jpg"
    },
    {
        "annotations": [
            {
                "class": "pigNotLying",
                "height": 21.89594994772952,
                "width": 83.37304018558547,
                "x": 485.0795065343155,
                "y": -0.8421519210665199
            },
            {
                "class": "pigNotLying",
                "height": 58.9506344746564,
                "width": 90.1102555541176,
                "x": 479.18444308684985,
                "y": 15.15873457919736
            },
            {
                "class": "pigNotLying",
                "height": 142.32367466024186,
                "width": 93.47886323838372,
                "x": 398.3378586644639,
                "y": 182.74696687143484
            },
            {
                "class": "pigNotLying",
                "height": 30.31746915839472,
                "width": 48.00265950079165,
                "x": 707.4076136958768,
                "y": 0.0
            },
            {
                "class": "pigNotLying",
                "height": 77.47797673811984,
                "width": 60.63493831678943,
                "x": 344.44013571620667,
                "y": 76.63582481705332
            },
            {
                "class": "pigLying",
                "height": 32.19332327400814,
                "width": 34.73490142721931,
                "x": 262.62974249848736,
                "y": 95.73277710428734
            },
            {
                "class": "pigLying",
                "height": 73.26721713278735,
                "width": 145.69228234450816,
                "x": 823.6245788030577,
                "y": 230.7496263722268
            },
            {
                "class": "pigLying",
                "height": 70.74076136958777,
                "width": 154.95595347623987,
                "x": 801.7286288553281,
                "y": 173.48329573970335
            },
            {
                "class": "pigLying",
                "height": 74.10936905385387,
                "width": 80.00443250131957,
                "x": 901.1025555411776,
                "y": 168.43038421330422
            },
            {
                "class": "pigLying",
                "height": 53.05557102719084,
                "width": 54.7398748693239,
                "x": 908.6819228307763,
                "y": 151.5873457919738
            },
            {
                "class": "pigLying",
                "height": 104.42683821224864,
                "width": 84.21519210665213,
                "x": 932.2621766206389,
                "y": 142.32367466024206
            },
            {
                "class": "pigLying",
                "height": 93.47886323838385,
                "width": 98.531774764783,
                "x": 922.9985054889072,
                "y": 117.05911702824643
            },
            {
                "class": "pigLying",
                "height": 83.3730401855856,
                "width": 84.21519210665201,
                "x": 960.8953419369006,
                "y": 104.42683821224863
            }
        ],
        "class": "image",
        "filename": "4_N_D6-Vorne20180605-085637-1528181797_282285s.jpg"
    },
    {
        "annotations": [
            {
                "class": "pigLying",
                "height": 130.5335477653108,
                "width": 111.16405358078083,
                "x": 377.2840606378016,
                "y": 201.2743091348986
            },
            {
                "class": "pigLying",
                "height": 50.52911526399128,
                "width": 54.7398748693239,
                "x": 352.86165492687246,
                "y": 62.319242158922584
            },
            {
                "class": "pigNotLying",
                "height": 91.7945593962508,
                "width": 110.32190165971429,
                "x": 268.64646282022034,
                "y": 234.11823405649295
            },
            {
                "class": "pigNotLying",
                "height": 122.95418047571215,
                "width": 142.32367466024212,
                "x": 202.11646105596512,
                "y": 170.1146880554373
            },
            {
                "class": "pigNotLying",
                "height": 57.266330632523456,
                "width": 106.95329397544822,
                "x": 468.2364681129859,
                "y": -0.8421519210665214
            },
            {
                "class": "pigNotLying",
                "height": 31.15962107946129,
                "width": 43.791899895459096,
                "x": 442.12975855992374,
                "y": -4.210759605332607
            },
            {
                "class": "pigNotLying",
                "height": 32.00177300052781,
                "width": 41.26544413225952,
                "x": 705.7233098537449,
                "y": -0.8421519210665214
            },
            {
                "class": "pigLying",
                "height": 72.4250652117208,
                "width": 128.84924392317782,
                "x": 800.0443250131952,
                "y": 224.8545629247612
            },
            {
                "class": "pigLying",
                "height": 109.4797497386478,
                "width": 94.32101515945033,
                "x": 904.471163225444,
                "y": 243.38190518822466
            },
            {
                "class": "pigLying",
                "height": 148.21873810770774,
                "width": 123.79633239677855,
                "x": 936.4729362259718,
                "y": 244.2240571092912
            },
            {
                "class": "pigLying",
                "height": 58.950634474656496,
                "width": 66.53000176425519,
                "x": 807.623692302794,
                "y": -1.6843038421330427
            },
            {
                "class": "pigNotLying",
                "height": 92.63671131731735,
                "width": 73.26721713278738,
                "x": 380.65266832206765,
                "y": 158.32456116050602
            },
            {
                "class": "pigNotLying",
                "height": 147.37658618664122,
                "width": 157.48240923943945,
                "x": 673.7215368532171,
                "y": 246.75051287249076
            },
            {
                "class": "pigNotLying",
                "height": 141.4815227391756,
                "width": 134.74430737064347,
                "x": 645.9305234580219,
                "y": 138.95506697597602
            },
            {
                "class": "pigNotLying",
                "height": 78.32012865918648,
                "width": 147.37658618664136,
                "x": 909.524074751843,
                "y": 149.9030419498408
            },
            {
                "class": "pigNotLying",
                "height": 69.89860944852128,
                "width": 74.10936905385392,
                "x": 978.5805322792978,
                "y": 180.22051110823557
            },
            {
                "class": "pigNotLying",
                "height": 143.1658265813087,
                "width": 197.9057014506326,
                "x": 941.5258477523709,
                "y": 553.2938121407045
            },
            {
                "class": "pigLying",
                "height": 74.10936905385387,
                "width": 152.4294977130403,
                "x": 768.884703933734,
                "y": 169.2725361343708
            }
        ],
        "class": "image",
        "filename": "4_N_D6-Vorne20180615-080054-1529042454_81171s.jpg"
    }
]
