[
    {
        "annotations": [
            {
                "class": "pigNotLying",
                "height": 70.74076136958759,
                "width": 65.68784984318847,
                "x": 793.3071096446608,
                "y": 53.055571027190695
            },
            {
                "class": "pigNotLying",
                "height": 93.47886323838358,
                "width": 125.4806362389113,
                "x": 313.28051463674507,
                "y": 205.48506874023062
            },
            {
                "class": "pigNotLying",
                "height": 41.21168975431902,
                "width": 54.948919672425404,
                "x": 740.0186029797284,
                "y": 1.7918125980138697
            },
            {
                "class": "pigNotLying",
                "height": 41.808960620323646,
                "width": 64.50525352849922,
                "x": 666.5542864611598,
                "y": 0.5972708660046209
            },
            {
                "class": "pigNotLying",
                "height": 48.3789401463745,
                "width": 44.79531495034678,
                "x": 447.95314950346756,
                "y": 0.5972708660046234
            },
            {
                "class": "pigNotLying",
                "height": 44.79531495034676,
                "width": 78.83975431261024,
                "x": 483.789401463745,
                "y": 1.7918125980138702
            },
            {
                "class": "pigNotLying",
                "height": 60.921628332471585,
                "width": 27.474459836212702,
                "x": 370.3079369228666,
                "y": 82.42337950863805
            },
            {
                "class": "pigLying",
                "height": 82.42337950863805,
                "width": 70.47796218854558,
                "x": 255.63193064997887,
                "y": 139.16411177907727
            },
            {
                "class": "pigLying",
                "height": 38.822606290300534,
                "width": 54.35164880642077,
                "x": 366.1270408608342,
                "y": 53.15710707441149
            },
            {
                "class": "pigLying",
                "height": 44.795314950346764,
                "width": 44.19804408434214,
                "x": 263.9937227740436,
                "y": 57.33800313644386
            },
            {
                "class": "pigLying",
                "height": 75.25612911658254,
                "width": 146.9286330371374,
                "x": 823.6365242203758,
                "y": 218.0038660916876
            },
            {
                "class": "pigLying",
                "height": 62.116170064480855,
                "width": 147.52590390314197,
                "x": 788.3975431261031,
                "y": 174.40309287335006
            },
            {
                "class": "pigLying",
                "height": 67.49160785852246,
                "width": 91.3824424987074,
                "x": 895.9062990069353,
                "y": 175.0003637393547
            },
            {
                "class": "pigLying",
                "height": 57.935274002448494,
                "width": 65.10252439450392,
                "x": 904.8653619970047,
                "y": 148.12317476914663
            },
            {
                "class": "pigLying",
                "height": 105.71694328281836,
                "width": 87.20154643667502,
                "x": 920.3944045131249,
                "y": 135.58048658304955
            },
            {
                "class": "pigLying",
                "height": 93.77152596272589,
                "width": 123.63506926295713,
                "x": 913.2271541210694,
                "y": 121.8432566649432
            },
            {
                "class": "pigLying",
                "height": 91.97971336471203,
                "width": 87.79881730267971,
                "x": 955.036114741393,
                "y": 117.06508973690622
            },
            {
                "class": "pigLying",
                "height": 18.515396846143318,
                "width": 16.72358424812944,
                "x": 980.1214911135872,
                "y": 103.9251306848045
            },
            {
                "class": "pigLying",
                "height": 25.085376372194183,
                "width": 25.085376372194105,
                "x": 948.4661352153422,
                "y": 58.53254486845311
            },
            {
                "class": "pigLying",
                "height": 35.23898109427279,
                "width": 27.474459836212645,
                "x": 956.2306564734023,
                "y": 83.61792124064729
            },
            {
                "class": "pigLying",
                "height": 67.0,
                "width": 86.00000000000011,
                "x": 576.8421519210667,
                "y": 651.1578480789336
            }
        ],
        "class": "image",
        "filename": "0_N_D6-Vorne20180605-085637-1528181797_241331s.jpg"
    },
    {
        "annotations": [
            {
                "class": "pigNotLying",
                "height": 89.05756565278432,
                "width": 179.30256551427263,
                "x": 237.48684174075842,
                "y": 628.1526964043061
            },
            {
                "class": "pigNotLying",
                "height": 153.2716496341065,
                "width": 59.79278639572283,
                "x": 319.1755780842108,
                "y": 266.9621589780866
            },
            {
                "class": "pigNotLying",
                "height": 132.21785160744355,
                "width": 181.90481495036818,
                "x": 655.194194589752,
                "y": 199.59000529276506
            },
            {
                "class": "pigNotLying",
                "height": 143.94227870711433,
                "width": 75.85339998258723,
                "x": 859.4727761806533,
                "y": 205.46117790559055
            },
            {
                "class": "pigNotLying",
                "height": 182.1676141314102,
                "width": 93.77152596272595,
                "x": 930.5480092352036,
                "y": 206.6557196375998
            },
            {
                "class": "pigNotLying",
                "height": 46.172003116669515,
                "width": 95.73277710428727,
                "x": 471.0391510618027,
                "y": 1.6943854354741106
            },
            {
                "class": "pigNotLying",
                "height": 20.756221584557856,
                "width": 20.3326252256893,
                "x": 443.50538773534845,
                "y": 0.42359635886852764
            },
            {
                "class": "pigLying",
                "height": 108.86426422921161,
                "width": 111.82943874129131,
                "x": 372.3411994454358,
                "y": 216.0341430229491
            },
            {
                "class": "pigLying",
                "height": 109.71145694694863,
                "width": 125.38452222508414,
                "x": 333.3703344295313,
                "y": 187.65318697875776
            },
            {
                "class": "pigLying",
                "height": 119.03057684205629,
                "width": 85.56646449144262,
                "x": 262.08816434527586,
                "y": 188.22959061988922
            },
            {
                "class": "pigLying",
                "height": 27.533763326454306,
                "width": 30.92253419740257,
                "x": 398.6041736952845,
                "y": 162.23740544664608
            },
            {
                "class": "pigLying",
                "height": 12.056737588652494,
                "width": 51.77304964539019,
                "x": 855.319148936171,
                "y": 2.1276595744680873
            },
            {
                "class": "pigLying",
                "height": 92.5506765253258,
                "width": 58.850158442734255,
                "x": 785.6747648508635,
                "y": 66.3950505507772
            },
            {
                "class": "pigLying",
                "height": 37.72446054021432,
                "width": 52.81424475630013,
                "x": 809.3154267893977,
                "y": 48.287309491474325
            },
            {
                "class": "pigLying",
                "height": 58.34716563553147,
                "width": 23.640661938534322,
                "x": 831.4471103063236,
                "y": 72.93395704441434
            },
            {
                "class": "pigLying",
                "height": 53.820230370705744,
                "width": 37.72446054021441,
                "x": 959.7102761430522,
                "y": 87.01775564609436
            },
            {
                "class": "pigLying",
                "height": 75.44892108042862,
                "width": 43.76037422664854,
                "x": 931.0396861324894,
                "y": 89.53271968210865
            },
            {
                "class": "pigLying",
                "height": 98.08359740455722,
                "width": 40.742417383431416,
                "x": 896.836175242695,
                "y": 99.59257582616578
            },
            {
                "class": "pigLying",
                "height": 66.89804335798004,
                "width": 108.64644635581715,
                "x": 800.7645490669493,
                "y": 157.93974146169728
            },
            {
                "class": "pigLying",
                "height": 83.49680599567435,
                "width": 49.29329510588002,
                "x": 916.4528947236065,
                "y": 149.89185654645155
            },
            {
                "class": "pigLying",
                "height": 94.05965494693436,
                "width": 44.26336703385152,
                "x": 960.7162617574579,
                "y": 155.42477742568298
            },
            {
                "class": "pigLying",
                "height": 119.20929530707727,
                "width": 69.91600020119711,
                "x": 973.7940747447323,
                "y": 144.86192847442297
            }
        ],
        "class": "image",
        "filename": "0_N_D6-Vorne20180615-080054-1529042454_247254s.jpg"
    },
    {
        "annotations": [
            {
                "class": "pigLying",
                "height": 42.55319148936174,
                "width": 32.62411347517735,
                "x": 263.8297872340428,
                "y": 104.25531914893627
            },
            {
                "class": "pigNotLying",
                "height": 43.79189989545903,
                "width": 66.53000176425508,
                "x": 498.5539372713797,
                "y": 1.6843038421330396
            },
            {
                "class": "pigLying",
                "height": 75.79367289598682,
                "width": 149.060890028774,
                "x": 813.5187557502582,
                "y": 218.11734755622862
            },
            {
                "class": "pigLying",
                "height": 31.159621079461232,
                "width": 116.2169651071797,
                "x": 813.5187557502582,
                "y": 129.69139584424406
            },
            {
                "class": "pigLying",
                "height": 58.9506344746564,
                "width": 60.63493831678943,
                "x": 899.4182516990431,
                "y": 168.43038421330397
            },
            {
                "class": "pigLying",
                "height": 93.47886323838372,
                "width": 86.74164786985148,
                "x": 909.5240747518415,
                "y": 149.9030419498405
            },
            {
                "class": "pigLying",
                "height": 106.11114205438147,
                "width": 96.84747092264979,
                "x": 928.0514170153049,
                "y": 135.5864592917097
            },
            {
                "class": "pigNotLying",
                "height": 47.18439841436529,
                "width": 37.62806455829127,
                "x": 930.5480092352042,
                "y": 51.365294476397665
            },
            {
                "class": "pigLying",
                "height": 41.808960620323674,
                "width": 140.3586535110867,
                "x": 834.9846706744643,
                "y": 109.30056847884619
            },
            {
                "class": "pigLying",
                "height": 93.17425509672134,
                "width": 99.7442346227723,
                "x": 935.9234470292457,
                "y": 125.42688186097104
            },
            {
                "class": "pigLying",
                "height": 38.82260629030054,
                "width": 19.709938578152446,
                "x": 1020.7359100019024,
                "y": 171.41673854332709
            },
            {
                "class": "pigLying",
                "height": 58.53254486845316,
                "width": 81.2288377766289,
                "x": 920.3944045131256,
                "y": 97.95242202475833
            },
            {
                "class": "pigLying",
                "height": 34.044439362263574,
                "width": 30.460814166235878,
                "x": 992.0669084336804,
                "y": 144.539549573119
            }
        ],
        "class": "image",
        "filename": "1_N_D6-Vorne20180605-085637-1528181797_357229s.jpg"
    },
    {
        "annotations": [
            {
                "class": "pigLying",
                "height": 102.12765957446817,
                "width": 95.03546099290793,
                "x": 405.6737588652486,
                "y": 212.76595744680873
            },
            {
                "class": "pigLying",
                "height": 123.79633239677838,
                "width": 76.63582481705339,
                "x": 1199.224335598724,
                "y": 331.80785690020883
            },
            {
                "class": "pigLying",
                "height": 118.74342087037928,
                "width": 143.16582658130824,
                "x": 965.1061015422317,
                "y": 285.4895012415502
            },
            {
                "class": "pigLying",
                "height": 28.669001568221944,
                "width": 72.26977478655954,
                "x": 782.4248344660574,
                "y": 86.60427557067048
            },
            {
                "class": "pigLying",
                "height": 44.79531495034681,
                "width": 66.89433699251788,
                "x": 783.6193761980667,
                "y": 105.11967241681381
            },
            {
                "class": "pigLying",
                "height": 40.61441888831442,
                "width": 131.9968613870219,
                "x": 805.1211273742332,
                "y": 133.19140311903115
            },
            {
                "class": "pigLying",
                "height": 102.7305889527953,
                "width": 149.31771650115593,
                "x": 765.701250217928,
                "y": 174.4030928733502
            },
            {
                "class": "pigLying",
                "height": 42.406231486328295,
                "width": 71.67250392055496,
                "x": 912.0326123890608,
                "y": 151.7067999651745
            },
            {
                "class": "pigNotLying",
                "height": 41.13475177304968,
                "width": 82.97872340425545,
                "x": 484.3971631205678,
                "y": 2.1276595744680873
            },
            {
                "class": "pigNotLying",
                "height": 10.638297872340436,
                "width": 19.858156028368853,
                "x": 717.0212765957453,
                "y": 0.709219858156029
            },
            {
                "class": "pigNotLying",
                "height": 75.95191388763149,
                "width": 112.67038881344013,
                "x": 638.2978723404262,
                "y": 11.065841758462867
            },
            {
                "class": "pigNotLying",
                "height": 81.48483476686293,
                "width": 96.07162617574579,
                "x": 733.8665057089692,
                "y": 18.10774105930287
            },
            {
                "class": "pigNotLying",
                "height": 80.4788491524572,
                "width": 67.90402897238573,
                "x": 722.2976711433034,
                "y": 96.07162617574579
            },
            {
                "class": "pigNotLying",
                "height": 97.07761179015151,
                "width": 44.766359841054395,
                "x": 644.3337860268605,
                "y": 35.20949650420002
            },
            {
                "class": "pigNotLying",
                "height": 98.08359740455722,
                "width": 71.92797143000871,
                "x": 513.5556561541175,
                "y": 49.29329510588005
            },
            {
                "class": "pigNotLying",
                "height": 179.77853066739183,
                "width": 83.61792124064732,
                "x": 690.4451211013453,
                "y": 164.2494881512716
            },
            {
                "class": "pigNotLying",
                "height": 170.81946767732245,
                "width": 67.49160785852257,
                "x": 658.1924943370956,
                "y": 198.8911983795398
            },
            {
                "class": "pigNotLying",
                "height": 46.77833106986574,
                "width": 89.53271968210879,
                "x": 944.1174991197636,
                "y": 143.3529500528144
            },
            {
                "class": "pigNotLying",
                "height": 32.1915396609829,
                "width": 102.10753986218003,
                "x": 949.6504199989951,
                "y": 185.10135305065157
            },
            {
                "class": "pigNotLying",
                "height": 67.90402897238576,
                "width": 103.11352547658578,
                "x": 973.2910819375294,
                "y": 206.73004376037446
            },
            {
                "class": "pigNotLying",
                "height": 101.60454705497722,
                "width": 132.79010110155434,
                "x": 927.5187364820694,
                "y": 193.65223077310014
            },
            {
                "class": "pigNotLying",
                "height": 87.52074845329722,
                "width": 142.84995724561156,
                "x": 815.854333283035,
                "y": 200.69413007394016
            },
            {
                "class": "pigNotLying",
                "height": 76.59574468085114,
                "width": 136.87943262411358,
                "x": 317.021276595745,
                "y": 170.21276595744698
            },
            {
                "class": "pigNotLying",
                "height": 114.1843971631207,
                "width": 143.97163120567393,
                "x": 282.26950354609954,
                "y": 255.31914893617045
            },
            {
                "class": "pigNotLying",
                "height": 109.92907801418448,
                "width": 142.55319148936184,
                "x": 220.56737588652504,
                "y": 231.2056737588655
            },
            {
                "class": "pigNotLying",
                "height": 45.26935264825718,
                "width": 43.25738141944578,
                "x": 297.77174186409167,
                "y": 188.11930989386872
            },
            {
                "class": "pigNotLying",
                "height": 57.93527400244854,
                "width": 44.79531495034678,
                "x": 818.8583572923396,
                "y": 31.655355898245077
            },
            {
                "class": "pigNotLying",
                "height": 62.713440930485525,
                "width": 37.628064558291385,
                "x": 930.5480092352043,
                "y": 46.58712754836068
            }
        ],
        "class": "image",
        "filename": "1_N_D6-Vorne20180615-080054-1529042454_107078s.jpg"
    },
    {
        "annotations": [
            {
                "class": "pigNotLying",
                "height": 203.8007648980979,
                "width": 127.1649400810445,
                "x": 341.91367995300715,
                "y": 509.5019122452446
            },
            {
                "class": "pigNotLying",
                "height": 16.000886500263846,
                "width": 49.686963342924685,
                "x": 167.58823229223745,
                "y": 701.5125502484111
            },
            {
                "class": "pigNotLying",
                "height": 151.58734579197358,
                "width": 150.7451938709071,
                "x": 806.7815403817261,
                "y": 566.7682428777681
            },
            {
                "class": "pigNotLying",
                "height": 144.35893566722018,
                "width": 66.39505055077723,
                "x": 783.1598008148495,
                "y": 291.23283537045467
            },
            {
                "class": "pigNotLying",
                "height": 128.7661586439316,
                "width": 185.60434585785447,
                "x": 866.656606810524,
                "y": 342.0351088979433
            },
            {
                "class": "pigNotLying",
                "height": 104.62250389819445,
                "width": 124.23922337910585,
                "x": 871.1835420753497,
                "y": 247.47246114380602
            },
            {
                "class": "pigNotLying",
                "height": 95.74468085106398,
                "width": 46.09929078014193,
                "x": 568.0851063829796,
                "y": 129.78723404255337
            },
            {
                "class": "pigNotLying",
                "height": 100.00000000000014,
                "width": 51.77304964539013,
                "x": 321.98581560283736,
                "y": 219.8581560283691
            },
            {
                "class": "pigNotLying",
                "height": 76.63582481705335,
                "width": 96.84747092264979,
                "x": 679.6166003006819,
                "y": 0.8421519210665167
            },
            {
                "class": "pigNotLying",
                "height": 41.84397163120574,
                "width": 75.88652482269515,
                "x": 664.5390070921997,
                "y": 2.1276595744680904
            },
            {
                "class": "pigNotLying",
                "height": 85.81560283687958,
                "width": 100.70921985815619,
                "x": 385.106382978724,
                "y": 18.43971631205676
            },
            {
                "class": "pigNotLying",
                "height": 22.695035460992948,
                "width": 54.60992907801426,
                "x": 432.6241134751781,
                "y": 1.4184397163120592
            },
            {
                "class": "pigNotLying",
                "height": 57.4468085106384,
                "width": 97.16312056737604,
                "x": 467.3758865248235,
                "y": 5.673758865248237
            },
            {
                "class": "pigNotLying",
                "height": 25.531914893617067,
                "width": 69.50354609929093,
                "x": 492.19858156028454,
                "y": 1.4184397163120592
            },
            {
                "class": "pigNotLying",
                "height": 32.00177300052778,
                "width": 26.94886147412865,
                "x": 326.75494537381,
                "y": 0.8421519210665238
            },
            {
                "class": "pigNotLying",
                "height": 83.44848269710002,
                "width": 43.63042496345838,
                "x": 275.3376332645433,
                "y": 29.651745120796974
            },
            {
                "class": "pigLying",
                "height": 51.77304964539018,
                "width": 68.79432624113491,
                "x": 371.63120567375967,
                "y": 60.992907801418575
            },
            {
                "class": "pigLying",
                "height": 42.55319148936181,
                "width": 44.68085106382989,
                "x": 305.6737588652489,
                "y": 185.10638297872381
            },
            {
                "class": "pigLying",
                "height": 123.4042553191492,
                "width": 58.156028368794466,
                "x": 275.88652482269566,
                "y": 209.92907801418485
            },
            {
                "class": "pigLying",
                "height": 78.72340425531931,
                "width": 149.6453900709223,
                "x": 794.3262411347536,
                "y": 168.79432624113514
            },
            {
                "class": "pigLying",
                "height": 111.34751773049672,
                "width": 87.23404255319178,
                "x": 919.8581560283708,
                "y": 195.74468085106426
            },
            {
                "class": "pigLying",
                "height": 34.04255319148942,
                "width": 41.13475177304974,
                "x": 899.290780141846,
                "y": 172.3404255319153
            },
            {
                "class": "pigLying",
                "height": 84.39716312056757,
                "width": 107.09219858156052,
                "x": 905.6737588652502,
                "y": 157.44680851063865
            },
            {
                "class": "pigLying",
                "height": 92.9078014184399,
                "width": 97.16312056737615,
                "x": 920.5673758865269,
                "y": 134.04255319148967
            },
            {
                "class": "pigLying",
                "height": 95.74468085106403,
                "width": 69.50354609929082,
                "x": 985.8156028368817,
                "y": 157.44680851063865
            },
            {
                "class": "pigLying",
                "height": 66.6666666666668,
                "width": 76.59574468085123,
                "x": 961.7021276595766,
                "y": 131.20567375886554
            },
            {
                "class": "pigLying",
                "height": 14.402276201529958,
                "width": 9.319119895107633,
                "x": 1079.7471187558785,
                "y": 279.99719321209716
            }
        ],
        "class": "image",
        "filename": "2_N_D6-Vorne20180605-085637-1528181797_194411s.jpg"
    },
    {
        "annotations": [
            {
                "class": "pigLying",
                "height": 117.73049645390103,
                "width": 139.00709219858192,
                "x": 356.0283687943272,
                "y": 207.80141843971688
            },
            {
                "class": "pigLying",
                "height": 45.39007092198594,
                "width": 49.645390070922105,
                "x": 251.0638297872347,
                "y": 111.34751773049675
            },
            {
                "class": "pigLying",
                "height": 121.98581560283722,
                "width": 80.1418439716314,
                "x": 239.71631205673825,
                "y": 166.6666666666671
            },
            {
                "class": "pigLying",
                "height": 126.9503546099294,
                "width": 81.5602836879435,
                "x": 254.60992907801486,
                "y": 214.18439716312113
            },
            {
                "class": "pigNotLying",
                "height": 116.31205673758897,
                "width": 109.21985815602864,
                "x": 324.8226950354619,
                "y": 108.51063829787263
            },
            {
                "class": "pigNotLying",
                "height": 79.162280580253,
                "width": 102.7425343701156,
                "x": 398.3378586644646,
                "y": 4.210759605332607
            },
            {
                "class": "pigNotLying",
                "height": 44.634051816525634,
                "width": 83.37304018558564,
                "x": 482.5530507711168,
                "y": 1.6843038421330427
            },
            {
                "class": "pigNotLying",
                "height": 21.895949947729555,
                "width": 22.738101868796093,
                "x": 708.2497656169445,
                "y": 0.8421519210665203
            },
            {
                "class": "pigNotLying",
                "height": 96.84747092264996,
                "width": 40.42329221119303,
                "x": 640.0354600105562,
                "y": 5.052911526399129
            },
            {
                "class": "pigNotLying",
                "height": 102.7425343701156,
                "width": 58.108482553589965,
                "x": 639.1933080894897,
                "y": 165.06177652903818
            },
            {
                "class": "pigNotLying",
                "height": 119.58557279144603,
                "width": 59.79278639572294,
                "x": 656.0363465108202,
                "y": 108.63759781758125
            },
            {
                "class": "pigNotLying",
                "height": 84.21519210665213,
                "width": 48.84481142185825,
                "x": 688.8802714324145,
                "y": 151.58734579197386
            },
            {
                "class": "pigNotLying",
                "height": 172.64114381863692,
                "width": 53.05557102719081,
                "x": 723.4085001961419,
                "y": 96.00531900158343
            },
            {
                "class": "pigNotLying",
                "height": 122.95418047571214,
                "width": 82.53088826451904,
                "x": 725.9349559593414,
                "y": 74.9515209749204
            },
            {
                "class": "pigNotLying",
                "height": 123.79633239677867,
                "width": 101.05823052798257,
                "x": 902.7868593833109,
                "y": 154.95595347623993
            },
            {
                "class": "pigNotLying",
                "height": 89.36170212765984,
                "width": 197.1631205673765,
                "x": 383.68794326241243,
                "y": 290.78014184397244
            },
            {
                "class": "pigLying",
                "height": 54.94891967242552,
                "width": 93.77152596272606,
                "x": 745.3940407737723,
                "y": 43.003502352333015
            },
            {
                "class": "pigLying",
                "height": 22.696292908175757,
                "width": 34.641710228268266,
                "x": 826.0256076843966,
                "y": 41.80896062032377
            },
            {
                "class": "pigLying",
                "height": 101.53604722078629,
                "width": 110.49511021085573,
                "x": 932.33982183322,
                "y": 118.25963146891579
            },
            {
                "class": "pigLying",
                "height": 105.05189699939507,
                "width": 63.539453830279285,
                "x": 773.9105476528015,
                "y": 177.48687436591342
            },
            {
                "class": "pigLying",
                "height": 84.71927177370569,
                "width": 101.23952976957833,
                "x": 810.339834515495,
                "y": 151.6474964749332
            },
            {
                "class": "pigLying",
                "height": 51.25515942309194,
                "width": 52.525948499697506,
                "x": 927.2524295632088,
                "y": 108.44066787034329
            },
            {
                "class": "pigLying",
                "height": 80.48330818502042,
                "width": 44.90121404006402,
                "x": 905.2254189020454,
                "y": 83.02488633823158
            },
            {
                "class": "pigNotLying",
                "height": 14.825872560398494,
                "width": 20.3326252256893,
                "x": 947.5850547888982,
                "y": 95.73277710428744
            },
            {
                "class": "pigLying",
                "height": 82.17769362049452,
                "width": 52.94954485856613,
                "x": 794.6667692373594,
                "y": 72.01138100764985
            },
            {
                "class": "pigLying",
                "height": 57.60910480611987,
                "width": 24.56858881437472,
                "x": 834.9084233298696,
                "y": 63.53945383027927
            }
        ],
        "class": "image",
        "filename": "2_N_D6-Vorne20180615-080054-1529042454_213384s.jpg"
    },
    {
        "annotations": [
            {
                "class": "pigNotLying",
                "height": 131.9968613870222,
                "width": 65.69979526050878,
                "x": 420.4786896672562,
                "y": 238.9083464018501
            },
            {
                "class": "pigNotLying",
                "height": 77.04794171459665,
                "width": 154.0958834291933,
                "x": 306.99722512637743,
                "y": 192.32121885348934
            },
            {
                "class": "pigNotLying",
                "height": 36.42928686269346,
                "width": 65.23383926575343,
                "x": 666.3170725001954,
                "y": 0.4235963588685294
            },
            {
                "class": "pigNotLying",
                "height": 13.580805794477183,
                "width": 14.586791408882902,
                "x": 464.2623610482385,
                "y": 1.0059856144057182
            },
            {
                "class": "pigNotLying",
                "height": 47.281323877068715,
                "width": 72.93395704441446,
                "x": 489.91499421558433,
                "y": 2.0119712288114346
            },
            {
                "class": "pigLying",
                "height": 72.26977478655965,
                "width": 48.378940146374646,
                "x": 264.590993640049,
                "y": 56.14346140443479
            },
            {
                "class": "pigLying",
                "height": 26.658618781751514,
                "width": 27.161611588954315,
                "x": 293.7477994064695,
                "y": 33.70051808259153
            },
            {
                "class": "pigLying",
                "height": 77.64521258060128,
                "width": 146.92863303713784,
                "x": 824.2337950863829,
                "y": 214.4202408956605
            },
            {
                "class": "pigLying",
                "height": 56.14346140443479,
                "width": 145.136820439124,
                "x": 787.8002722601008,
                "y": 175.0003637393552
            },
            {
                "class": "pigLying",
                "height": 59.72708660046251,
                "width": 84.8124629726567,
                "x": 896.5035698729426,
                "y": 176.19490547136448
            },
            {
                "class": "pigLying",
                "height": 51.9625653424024,
                "width": 64.50525352849957,
                "x": 904.8653619970073,
                "y": 155.2904251612026
            },
            {
                "class": "pigLying",
                "height": 92.57698423071693,
                "width": 91.38244249870775,
                "x": 919.1998627811183,
                "y": 150.51225823316557
            },
            {
                "class": "pigLying",
                "height": 66.89433699251803,
                "width": 94.36879682873086,
                "x": 912.0326123890628,
                "y": 124.23234012896206
            },
            {
                "class": "pigLying",
                "height": 68.08887872452726,
                "width": 38.22533542429608,
                "x": 1004.0123257537751,
                "y": 172.61128027533672
            },
            {
                "class": "pigLying",
                "height": 62.116170064481025,
                "width": 92.57698423071702,
                "x": 931.7425509672155,
                "y": 111.0923810768603
            },
            {
                "class": "pigNotLying",
                "height": 70.47796218854579,
                "width": 68.08887872452738,
                "x": 925.1725714411646,
                "y": 51.36529447639778
            }
        ],
        "class": "image",
        "filename": "3_N_D6-Vorne20180605-085637-1528181797_256971s.jpg"
    },
    {
        "annotations": [
            {
                "class": "pigNotLying",
                "height": 123.63506926295744,
                "width": 66.29706612651341,
                "x": 321.928996776493,
                "y": 199.48846924554485
            },
            {
                "class": "pigNotLying",
                "height": 86.60427557067067,
                "width": 121.24598579893893,
                "x": 487.37302665977427,
                "y": 88.99335903468918
            },
            {
                "class": "pigNotLying",
                "height": 106.31421414882331,
                "width": 113.48146454087885,
                "x": 649.8307022130323,
                "y": 54.351648806420904
            },
            {
                "class": "pigNotLying",
                "height": 91.97971336471231,
                "width": 145.73409130512857,
                "x": 680.8887872452729,
                "y": 96.16060942674467
            },
            {
                "class": "pigNotLying",
                "height": 29.078014184397258,
                "width": 73.75886524822721,
                "x": 490.07092198581717,
                "y": 2.1276595744680917
            },
            {
                "class": "pigNotLying",
                "height": 34.044439362263645,
                "width": 25.68264723819891,
                "x": 287.28728654822476,
                "y": 50.17075274438852
            },
            {
                "class": "pigLying",
                "height": 110.4951102108557,
                "width": 126.02415272697596,
                "x": 370.30793692286767,
                "y": 216.80932435967898
            },
            {
                "class": "pigLying",
                "height": 93.17425509672154,
                "width": 139.1641117790777,
                "x": 261.00736844402127,
                "y": 295.64907867228953
            },
            {
                "class": "pigLying",
                "height": 136.17775744905455,
                "width": 129.01050705699907,
                "x": 212.62842829764662,
                "y": 197.09938578152634
            },
            {
                "class": "pigLying",
                "height": 44.795314950346906,
                "width": 93.77152596272617,
                "x": 763.3121667539111,
                "y": 59.72708660046253
            },
            {
                "class": "pigLying",
                "height": 30.46081416623589,
                "width": 77.64521258060131,
                "x": 779.438480136036,
                "y": 76.45067084859204
            },
            {
                "class": "pigLying",
                "height": 29.266272434226636,
                "width": 76.45067084859204,
                "x": 776.4521258060129,
                "y": 100.34150548877705
            },
            {
                "class": "pigLying",
                "height": 35.83625196027752,
                "width": 54.35164880642094,
                "x": 793.772980920147,
                "y": 122.44052753094819
            },
            {
                "class": "pigLying",
                "height": 134.98321571704534,
                "width": 109.30056847884634,
                "x": 820.0528990243506,
                "y": 151.70679996517484
            },
            {
                "class": "pigLying",
                "height": 105.71694328281868,
                "width": 66.29706612651341,
                "x": 770.4794171459666,
                "y": 176.19490547136448
            },
            {
                "class": "pigNotLying",
                "height": 60.92162833247178,
                "width": 59.12981573445791,
                "x": 900.0871950689703,
                "y": 129.01050705699907
            },
            {
                "class": "pigLying",
                "height": 83.02065037464291,
                "width": 70.4779621885458,
                "x": 915.0189667190859,
                "y": 137.96957004706846
            },
            {
                "class": "pigLying",
                "height": 111.0923810768603,
                "width": 67.49160785852257,
                "x": 947.2715934833358,
                "y": 135.58048658304995
            },
            {
                "class": "pigLying",
                "height": 83.02065037464291,
                "width": 44.79531495034689,
                "x": 999.2341588257382,
                "y": 159.47132122323495
            },
            {
                "class": "pigLying",
                "height": 123.63506926295744,
                "width": 71.07523305455038,
                "x": 943.687968287308,
                "y": 244.88105506189638
            },
            {
                "class": "pigLying",
                "height": 118.74342087037957,
                "width": 90.11025555411788,
                "x": 1186.592056782729,
                "y": 346.12443955834044
            }
        ],
        "class": "image",
        "filename": "3_N_D6-Vorne20180615-080054-1529042454_132944s.jpg"
    },
    {
        "annotations": [
            {
                "class": "pigLying",
                "height": 37.00000000000017,
                "width": 40.00000000000013,
                "x": 38.00000000000013,
                "y": 417.00000000000136
            },
            {
                "class": "pigLying",
                "height": 45.39007092198594,
                "width": 16.31205673758859,
                "x": 1069.5035460992942,
                "y": 243.97163120567453
            },
            {
                "class": "pigNotLying",
                "height": 63.829787234042755,
                "width": 58.15602836879452,
                "x": 1006.3829787234074,
                "y": 184.39716312056797
            },
            {
                "class": "pigNotLying",
                "height": 69.88069132254114,
                "width": 144.5395495731193,
                "x": 794.3702517861517,
                "y": 220.99022042171137
            },
            {
                "class": "pigNotLying",
                "height": 47.184398414365404,
                "width": 57.93527400244864,
                "x": 885.7526942848593,
                "y": 198.2939275135356
            },
            {
                "class": "pigNotLying",
                "height": 99.1469637567678,
                "width": 60.32435746646718,
                "x": 775.8548549400083,
                "y": 153.49861256318871
            },
            {
                "class": "pigNotLying",
                "height": 125.42688186097132,
                "width": 76.45067084859204,
                "x": 915.6162375850906,
                "y": 180.97307239940147
            },
            {
                "class": "pigLying",
                "height": 47.44279219327521,
                "width": 60.15068295933111,
                "x": 964.5289091436396,
                "y": 135.12723847906062
            },
            {
                "class": "pigLying",
                "height": 69.46980285443868,
                "width": 97.00356618089302,
                "x": 923.8636586922609,
                "y": 132.58566032584946
            },
            {
                "class": "pigLying",
                "height": 70.31699557217573,
                "width": 99.54514433410418,
                "x": 909.0377861318624,
                "y": 144.44635837416826
            },
            {
                "class": "pigLying",
                "height": 34.73490142721934,
                "width": 30.92253419740257,
                "x": 897.6006844424121,
                "y": 172.40371805949113
            },
            {
                "class": "pigNotLying",
                "height": 40.01714802230989,
                "width": 74.0615873845735,
                "x": 664.762473863148,
                "y": 0.597270866004628
            },
            {
                "class": "pigNotLying",
                "height": 19.709938578152638,
                "width": 13.139959052101744,
                "x": 745.991311639777,
                "y": 1.1945417320092488
            },
            {
                "class": "pigNotLying",
                "height": 70.47796218854579,
                "width": 38.22533542429602,
                "x": 472.4412550096586,
                "y": 4.180896062032377
            },
            {
                "class": "pigNotLying",
                "height": 20.30720944415726,
                "width": 66.89433699251799,
                "x": 493.3457353198205,
                "y": 1.1945417320092506
            },
            {
                "class": "pigNotLying",
                "height": 42.4062314863284,
                "width": 54.35164880642088,
                "x": 342.23620622065033,
                "y": 1.1945417320092506
            },
            {
                "class": "pigNotLying",
                "height": 106.91148501482793,
                "width": 59.72708660046254,
                "x": 453.9258581635152,
                "y": 75.85339998258742
            },
            {
                "class": "pigNotLying",
                "height": 120.64871493293431,
                "width": 56.74073227043942,
                "x": 416.29779360522383,
                "y": 97.95242202475855
            },
            {
                "class": "pigNotLying",
                "height": 114.67600627288805,
                "width": 50.170752744388494,
                "x": 274.74459836212765,
                "y": 110.49511021085569
            },
            {
                "class": "pigLying",
                "height": 50.17075274438853,
                "width": 40.017148022309925,
                "x": 280.12003615616925,
                "y": 46.587127548360776
            }
        ],
        "class": "image",
        "filename": "4_N_D6-Vorne20180605-085637-1528181797_174173s.jpg"
    },
    {
        "annotations": [
            {
                "class": "pigNotLying",
                "height": 148.2269503546104,
                "width": 179.4326241134758,
                "x": 442.5531914893631,
                "y": 211.34751773049712
            },
            {
                "class": "pigLying",
                "height": 119.14893617021318,
                "width": 145.39007092198625,
                "x": 355.31914893617136,
                "y": 209.92907801418505
            },
            {
                "class": "pigLying",
                "height": 106.38297872340459,
                "width": 126.24113475177342,
                "x": 335.4609929078025,
                "y": 185.10638297872399
            },
            {
                "class": "pigLying",
                "height": 82.97872340425556,
                "width": 106.38297872340459,
                "x": 243.2624113475185,
                "y": 199.2907801418446
            },
            {
                "class": "pigLying",
                "height": 114.89361702127698,
                "width": 65.24822695035482,
                "x": 209.21985815602903,
                "y": 178.7234042553197
            },
            {
                "class": "pigLying",
                "height": 79.43262411347544,
                "width": 26.95035460992915,
                "x": 189.36170212766018,
                "y": 230.49645390070995
            },
            {
                "class": "pigLying",
                "height": 58.18427622648596,
                "width": 39.185328887225246,
                "x": 15.436644713149342,
                "y": 421.5391440898474
            },
            {
                "class": "pigLying",
                "height": 117.73049645390108,
                "width": 86.52482269503571,
                "x": 687.9432624113497,
                "y": 124.11347517730536
            },
            {
                "class": "pigLying",
                "height": 112.76595744680887,
                "width": 85.81560283687975,
                "x": 778.7234042553216,
                "y": 178.0141843971637
            },
            {
                "class": "pigLying",
                "height": 82.97872340425559,
                "width": 89.3617021276599,
                "x": 823.4042553191515,
                "y": 156.02836879432672
            },
            {
                "class": "pigLying",
                "height": 66.89433699251805,
                "width": 46.587127548360854,
                "x": 995.6505336297104,
                "y": 146.9286330371378
            },
            {
                "class": "pigLying",
                "height": 71.67250392055504,
                "width": 50.76802361039313,
                "x": 1011.1795761458307,
                "y": 203.0720944415726
            },
            {
                "class": "pigLying",
                "height": 118.85690233492042,
                "width": 47.18439841436543,
                "x": 970.5651572575161,
                "y": 157.67950862522108
            },
            {
                "class": "pigLying",
                "height": 106.31421414882331,
                "width": 58.53254486845333,
                "x": 937.7152596272617,
                "y": 164.84675901727658
            },
            {
                "class": "pigLying",
                "height": 67.49160785852266,
                "width": 78.83975431261058,
                "x": 901.8790076669842,
                "y": 168.43038421330434
            },
            {
                "class": "pigLying",
                "height": 38.822606290300655,
                "width": 82.42337950863828,
                "x": 907.2544454610259,
                "y": 131.39959052101756
            },
            {
                "class": "pigLying",
                "height": 56.14346140443479,
                "width": 76.45067084859204,
                "x": 919.1998627811183,
                "y": 81.22883777662904
            },
            {
                "class": "pigNotLying",
                "height": 32.252626764249754,
                "width": 18.515396846143403,
                "x": 920.3944045131276,
                "y": 87.2015464366753
            },
            {
                "class": "pigLying",
                "height": 103.32785981880018,
                "width": 63.907982662494874,
                "x": 793.1757100541424,
                "y": 74.06158738457354
            },
            {
                "class": "pigNotLying",
                "height": 87.01775564609453,
                "width": 56.83818721392299,
                "x": 798.7525778381396,
                "y": 89.02972687490599
            },
            {
                "class": "pigNotLying",
                "height": 68.21430560638827,
                "width": 90.95240747518437,
                "x": 767.2004000916012,
                "y": 1.6843038421330405
            },
            {
                "class": "pigNotLying",
                "height": 47.16050757972522,
                "width": 81.6887363434526,
                "x": 483.39520269218343,
                "y": 1.6843038421330434
            },
            {
                "class": "pigNotLying",
                "height": 5.673758865248245,
                "width": 17.021276595744723,
                "x": 458.1560283687958,
                "y": 1.4184397163120612
            }
        ],
        "class": "image",
        "filename": "4_N_D6-Vorne20180615-080054-1529042454_325816s.jpg"
    }
]
